Loan_ID,Gender,Married,Dependents,Education,Self_Employed,ApplicantIncome,CoapplicantIncome,LoanAmount,Loan_Amount_Term,Credit_History,Property_Area,Loan_Status,Income_per_Family_Member,Loan_to_Income_Ratio
LP001002,Male,No,0.0,Graduate,No,5849,0.0,,360.0,1.0,Urban,Y,5849.0,0.0
LP001003,Male,Yes,1.0,Graduate,No,4583,1508.0,128.0,360.0,1.0,Rural,N,3045.5,0.027923211169284468
LP001005,Male,Yes,0.0,Graduate,Yes,3000,0.0,66.0,360.0,1.0,Urban,Y,3000.0,0.021992669110296566
LP001006,Male,Yes,0.0,Not Graduate,No,2583,2358.0,120.0,360.0,1.0,Urban,Y,4941.0,0.04643962848297214
LP001008,Male,No,0.0,Graduate,No,6000,0.0,141.0,360.0,1.0,Urban,Y,6000.0,0.023496083986002333
LP001011,Male,Yes,2.0,Graduate,Yes,5417,4196.0,267.0,360.0,1.0,Urban,Y,3204.3333333333335,0.04928017718715393
LP001013,Male,Yes,0.0,Not Graduate,No,2333,1516.0,95.0,360.0,1.0,Urban,Y,3849.0,0.04070265638389032
LP001014,Male,Yes,,Graduate,No,3036,2504.0,158.0,360.0,0.0,Semiurban,N,5540.0,0.05202502469542312
LP001018,Male,Yes,2.0,Graduate,No,4006,1526.0,168.0,360.0,1.0,Urban,Y,1844.0,0.041926628400299475
LP001020,Male,Yes,1.0,Graduate,No,12841,10968.0,349.0,360.0,1.0,Semiurban,N,11904.5,0.02717645226600218
LP001024,Male,Yes,2.0,Graduate,No,3200,700.0,70.0,360.0,1.0,Urban,Y,1300.0,0.021868166198063105
LP001027,Male,Yes,2.0,Graduate,,2500,1840.0,109.0,360.0,1.0,Urban,Y,1446.6666666666667,0.04358256697321072
LP001028,Male,Yes,2.0,Graduate,No,3073,8106.0,200.0,360.0,1.0,Urban,Y,3726.3333333333335,0.06506180871828236
LP001029,Male,No,0.0,Graduate,No,1853,2840.0,114.0,360.0,1.0,Rural,N,4693.0,0.061488673139158574
LP001030,Male,Yes,2.0,Graduate,No,1299,1086.0,17.0,120.0,1.0,Urban,Y,795.0,0.013076923076923076
LP001032,Male,No,0.0,Graduate,No,4950,0.0,125.0,360.0,1.0,Urban,Y,4950.0,0.025247424762674206
LP001034,Male,No,1.0,Not Graduate,No,3596,0.0,100.0,240.0,,Urban,Y,1798.0,0.027800945232137893
LP001036,Female,No,0.0,Graduate,No,3510,0.0,76.0,360.0,0.0,Urban,N,3510.0,0.02164625462831102
LP001038,Male,Yes,0.0,Not Graduate,No,4887,0.0,133.0,360.0,1.0,Rural,N,4887.0,0.02720949263502455
LP001041,Male,Yes,0.0,Graduate,,2600,3500.0,115.0,,1.0,Urban,Y,6100.0,0.04421376393694733
LP001043,Male,Yes,0.0,Not Graduate,No,7660,0.0,104.0,360.0,0.0,Urban,N,7660.0,0.013575251272679808
LP001046,Male,Yes,1.0,Graduate,No,5955,5625.0,315.0,360.0,1.0,Urban,Y,5790.0,0.05288784419073204
LP001047,Male,Yes,0.0,Not Graduate,No,2600,1911.0,116.0,360.0,0.0,Semiurban,N,4511.0,0.04459823144944252
LP001050,,Yes,2.0,Not Graduate,No,3365,1917.0,112.0,360.0,0.0,Rural,N,1760.6666666666667,0.033273915626856804
LP001052,Male,Yes,1.0,Graduate,,3717,2925.0,151.0,360.0,,Semiurban,N,3321.0,0.04061323292092523
LP001066,Male,Yes,0.0,Graduate,Yes,9560,0.0,191.0,360.0,1.0,Semiurban,Y,9560.0,0.019976989854617717
LP001068,Male,Yes,0.0,Graduate,No,2799,2253.0,122.0,360.0,1.0,Semiurban,Y,5052.0,0.04357142857142857
LP001073,Male,Yes,2.0,Not Graduate,No,4226,1040.0,110.0,360.0,1.0,Urban,Y,1755.3333333333333,0.026023184291459663
LP001086,Male,No,0.0,Not Graduate,No,1442,0.0,35.0,360.0,1.0,Urban,N,1442.0,0.024255024255024255
LP001087,Female,No,2.0,Graduate,,3750,2083.0,120.0,360.0,1.0,Semiurban,Y,1944.3333333333333,0.03199146894161557
LP001091,Male,Yes,1.0,Graduate,,4166,3369.0,201.0,360.0,,Urban,N,3767.5,0.0482361411087113
LP001095,Male,No,0.0,Graduate,No,3167,0.0,74.0,360.0,1.0,Urban,N,3167.0,0.02335858585858586
LP001097,Male,No,1.0,Graduate,Yes,4692,0.0,106.0,360.0,1.0,Rural,N,2346.0,0.02258683145109738
LP001098,Male,Yes,0.0,Graduate,No,3500,1667.0,114.0,360.0,1.0,Semiurban,Y,5167.0,0.032562125107112254
LP001100,Male,No,,Graduate,No,12500,3000.0,320.0,360.0,1.0,Rural,N,15500.0,0.025597952163826893
LP001106,Male,Yes,0.0,Graduate,No,2275,2067.0,,360.0,1.0,Urban,Y,4342.0,0.0
LP001109,Male,Yes,0.0,Graduate,No,1828,1330.0,100.0,,0.0,Urban,N,3158.0,0.05467468562055768
LP001112,Female,Yes,0.0,Graduate,No,3667,1459.0,144.0,360.0,1.0,Semiurban,Y,5126.0,0.03925845147219193
LP001114,Male,No,0.0,Graduate,No,4166,7210.0,184.0,360.0,1.0,Urban,Y,11376.0,0.044156467482601394
LP001116,Male,No,0.0,Not Graduate,No,3748,1668.0,110.0,360.0,1.0,Semiurban,Y,5416.0,0.029341157642037877
LP001119,Male,No,0.0,Graduate,No,3600,0.0,80.0,360.0,1.0,Urban,N,3600.0,0.022216051096917523
LP001120,Male,No,0.0,Graduate,No,1800,1213.0,47.0,360.0,1.0,Urban,Y,3013.0,0.02609661299278179
LP001123,Male,Yes,0.0,Graduate,No,2400,0.0,75.0,360.0,,Urban,Y,2400.0,0.03123698458975427
LP001131,Male,Yes,0.0,Graduate,No,3941,2336.0,134.0,360.0,1.0,Semiurban,Y,6277.0,0.033992897006595635
LP001136,Male,Yes,0.0,Not Graduate,Yes,4695,0.0,96.0,,1.0,Urban,Y,4695.0,0.020442930153321975
LP001137,Female,No,0.0,Graduate,No,3410,0.0,88.0,,1.0,Urban,Y,3410.0,0.0257988859571973
LP001138,Male,Yes,1.0,Graduate,No,5649,0.0,44.0,360.0,1.0,Urban,Y,2824.5,0.007787610619469027
LP001144,Male,Yes,0.0,Graduate,No,5821,0.0,144.0,360.0,1.0,Urban,Y,5821.0,0.024733768464445208
LP001146,Female,Yes,0.0,Graduate,No,2645,3440.0,120.0,360.0,0.0,Urban,N,6085.0,0.045351473922902494
LP001151,Female,No,0.0,Graduate,No,4000,2275.0,144.0,360.0,1.0,Semiurban,Y,6275.0,0.03599100224943764
LP001155,Female,Yes,0.0,Not Graduate,No,1928,1644.0,100.0,360.0,1.0,Semiurban,Y,3572.0,0.05184033177812338
LP001157,Female,No,0.0,Graduate,No,3086,0.0,120.0,360.0,1.0,Semiurban,Y,3086.0,0.038872691933916424
LP001164,Female,No,0.0,Graduate,No,4230,0.0,112.0,360.0,1.0,Semiurban,N,4230.0,0.02647128338454266
LP001179,Male,Yes,2.0,Graduate,No,4616,0.0,134.0,360.0,1.0,Urban,N,1538.6666666666667,0.02902317522200563
LP001186,Female,Yes,1.0,Graduate,Yes,11500,0.0,286.0,360.0,0.0,Urban,N,5750.0,0.024867402834536128
LP001194,Male,Yes,2.0,Graduate,No,2708,1167.0,97.0,360.0,1.0,Semiurban,Y,1291.6666666666667,0.03580657069029162
LP001195,Male,Yes,0.0,Graduate,No,2132,1591.0,96.0,360.0,1.0,Semiurban,Y,3723.0,0.0450070323488045
LP001197,Male,Yes,0.0,Graduate,No,3366,2200.0,135.0,360.0,1.0,Rural,N,5566.0,0.04009504009504009
LP001198,Male,Yes,1.0,Graduate,No,8080,2250.0,180.0,360.0,1.0,Urban,Y,5165.0,0.022274470981314194
LP001199,Male,Yes,2.0,Not Graduate,No,3357,2859.0,144.0,360.0,1.0,Urban,Y,2072.0,0.04288266825491364
LP001205,Male,Yes,0.0,Graduate,No,2500,3796.0,120.0,360.0,1.0,Urban,Y,6296.0,0.04798080767692923
LP001206,Male,Yes,,Graduate,No,3029,0.0,99.0,360.0,1.0,Urban,Y,3029.0,0.032673267326732675
LP001207,Male,Yes,0.0,Not Graduate,Yes,2609,3449.0,165.0,180.0,0.0,Rural,N,6058.0,0.06321839080459771
LP001213,Male,Yes,1.0,Graduate,No,4945,0.0,,360.0,0.0,Rural,N,2472.5,0.0
LP001222,Female,No,0.0,Graduate,No,4166,0.0,116.0,360.0,0.0,Semiurban,N,4166.0,0.027837772978161746
LP001225,Male,Yes,0.0,Graduate,No,5726,4595.0,258.0,360.0,1.0,Semiurban,N,10321.0,0.045049764274489264
LP001228,Male,No,0.0,Not Graduate,No,3200,2254.0,126.0,180.0,0.0,Urban,N,5454.0,0.03936269915651359
LP001233,Male,Yes,1.0,Graduate,No,10750,0.0,312.0,360.0,1.0,Urban,Y,5375.0,0.02902055622732769
LP001238,Male,Yes,,Not Graduate,Yes,7100,0.0,125.0,60.0,1.0,Urban,Y,7100.0,0.017603154485283764
LP001241,Female,No,0.0,Graduate,No,4300,0.0,136.0,360.0,0.0,Semiurban,N,4300.0,0.03162055335968379
LP001243,Male,Yes,0.0,Graduate,No,3208,3066.0,172.0,360.0,1.0,Urban,Y,6274.0,0.05359925210345902
LP001245,Male,Yes,2.0,Not Graduate,Yes,1875,1875.0,97.0,360.0,1.0,Semiurban,Y,1250.0,0.051705756929637525
LP001248,Male,No,0.0,Graduate,No,3500,0.0,81.0,300.0,1.0,Semiurban,Y,3500.0,0.02313624678663239
LP001250,Male,Yes,,Not Graduate,No,4755,0.0,95.0,,0.0,Semiurban,N,4755.0,0.019974768713204374
LP001253,Male,Yes,,Graduate,Yes,5266,1774.0,187.0,360.0,1.0,Semiurban,Y,7040.0,0.03550408202012531
LP001255,Male,No,0.0,Graduate,No,3750,0.0,113.0,480.0,1.0,Urban,N,3750.0,0.030125299920021328
LP001256,Male,No,0.0,Graduate,No,3750,4750.0,176.0,360.0,1.0,Urban,N,8500.0,0.0469208211143695
LP001259,Male,Yes,1.0,Graduate,Yes,1000,3022.0,110.0,360.0,1.0,Urban,N,2011.0,0.10989010989010989
LP001263,Male,Yes,,Graduate,No,3167,4000.0,180.0,300.0,0.0,Semiurban,N,7167.0,0.056818181818181816
LP001264,Male,Yes,,Not Graduate,Yes,3333,2166.0,130.0,360.0,,Semiurban,Y,5499.0,0.038992201559688064
LP001265,Female,No,0.0,Graduate,No,3846,0.0,111.0,360.0,1.0,Semiurban,Y,3846.0,0.028853652196516765
LP001266,Male,Yes,1.0,Graduate,Yes,2395,0.0,,360.0,1.0,Semiurban,Y,1197.5,0.0
LP001267,Female,Yes,2.0,Graduate,No,1378,1881.0,167.0,360.0,1.0,Urban,N,1086.3333333333333,0.1211022480058013
LP001273,Male,Yes,0.0,Graduate,No,6000,2250.0,265.0,360.0,,Semiurban,N,8250.0,0.044159306782202964
LP001275,Male,Yes,1.0,Graduate,No,3988,0.0,50.0,240.0,1.0,Urban,Y,1994.0,0.012534469791927802
LP001279,Male,No,0.0,Graduate,No,2366,2531.0,136.0,360.0,1.0,Semiurban,Y,4897.0,0.0574566962399662
LP001280,Male,Yes,2.0,Not Graduate,No,3333,2000.0,99.0,360.0,,Semiurban,Y,1777.6666666666667,0.02969406118776245
LP001282,Male,Yes,0.0,Graduate,No,2500,2118.0,104.0,360.0,1.0,Semiurban,Y,4618.0,0.041583366653338664
LP001289,Male,No,0.0,Graduate,No,8566,0.0,210.0,360.0,1.0,Urban,Y,8566.0,0.02451266487685304
LP001310,Male,Yes,0.0,Graduate,No,5695,4167.0,175.0,360.0,1.0,Semiurban,Y,9862.0,0.030723314606741572
LP001316,Male,Yes,0.0,Graduate,No,2958,2900.0,131.0,360.0,1.0,Semiurban,Y,5858.0,0.04427171341669483
LP001318,Male,Yes,2.0,Graduate,No,6250,5654.0,188.0,180.0,1.0,Semiurban,Y,3968.0,0.03007518796992481
LP001319,Male,Yes,2.0,Not Graduate,No,3273,1820.0,81.0,360.0,1.0,Urban,Y,1697.6666666666667,0.02474037874160049
LP001322,Male,No,0.0,Graduate,No,4133,0.0,122.0,360.0,1.0,Semiurban,Y,4133.0,0.029511369134010642
LP001325,Male,No,0.0,Not Graduate,No,3620,0.0,25.0,120.0,1.0,Semiurban,Y,3620.0,0.006904170118751726
LP001326,Male,No,0.0,Graduate,,6782,0.0,,360.0,,Urban,N,6782.0,0.0
LP001327,Female,Yes,0.0,Graduate,No,2484,2302.0,137.0,360.0,1.0,Semiurban,Y,4786.0,0.055130784708249496
LP001333,Male,Yes,0.0,Graduate,No,1977,997.0,50.0,360.0,1.0,Semiurban,Y,2974.0,0.025278058645096056
LP001334,Male,Yes,0.0,Not Graduate,No,4188,0.0,115.0,180.0,1.0,Semiurban,Y,4188.0,0.027452852709477202
LP001343,Male,Yes,0.0,Graduate,No,1759,3541.0,131.0,360.0,1.0,Semiurban,Y,5300.0,0.07443181818181818
LP001345,Male,Yes,2.0,Not Graduate,No,4288,3263.0,133.0,180.0,1.0,Urban,Y,2517.0,0.031009559337840987
LP001349,Male,No,0.0,Graduate,No,4843,3806.0,151.0,360.0,1.0,Semiurban,Y,8649.0,0.031172584640792735
LP001350,Male,Yes,,Graduate,No,13650,0.0,,360.0,1.0,Urban,Y,13650.0,0.0
LP001356,Male,Yes,0.0,Graduate,No,4652,3583.0,,360.0,1.0,Semiurban,Y,8235.0,0.0
LP001357,Male,,,Graduate,No,3816,754.0,160.0,360.0,1.0,Urban,Y,4570.0,0.041917736442232116
LP001367,Male,Yes,1.0,Graduate,No,3052,1030.0,100.0,360.0,1.0,Urban,Y,2041.0,0.03275466754012447
LP001369,Male,Yes,2.0,Graduate,No,11417,1126.0,225.0,360.0,1.0,Urban,Y,4181.0,0.01970572779821335
LP001370,Male,No,0.0,Not Graduate,,7333,0.0,120.0,360.0,1.0,Rural,N,7333.0,0.01636214889555495
LP001379,Male,Yes,2.0,Graduate,No,3800,3600.0,216.0,360.0,0.0,Urban,N,2466.6666666666665,0.056827150749802685
LP001384,Male,Yes,,Not Graduate,No,2071,754.0,94.0,480.0,1.0,Semiurban,Y,2825.0,0.045366795366795366
LP001385,Male,No,0.0,Graduate,No,5316,0.0,136.0,360.0,1.0,Urban,Y,5316.0,0.025578333646793305
LP001387,Female,Yes,0.0,Graduate,,2929,2333.0,139.0,360.0,1.0,Semiurban,Y,5262.0,0.04744027303754266
LP001391,Male,Yes,0.0,Not Graduate,No,3572,4114.0,152.0,,0.0,Rural,N,7686.0,0.042541281835992165
LP001392,Female,No,1.0,Graduate,Yes,7451,0.0,,360.0,1.0,Semiurban,Y,3725.5,0.0
LP001398,Male,No,0.0,Graduate,,5050,0.0,118.0,360.0,1.0,Semiurban,Y,5050.0,0.02336171055236587
LP001401,Male,Yes,1.0,Graduate,No,14583,0.0,185.0,180.0,1.0,Rural,Y,7291.5,0.012685134393856282
LP001404,Female,Yes,0.0,Graduate,No,3167,2283.0,154.0,360.0,1.0,Semiurban,Y,5450.0,0.04861111111111111
LP001405,Male,Yes,1.0,Graduate,No,2214,1398.0,85.0,360.0,,Urban,Y,1806.0,0.03837471783295711
LP001421,Male,Yes,0.0,Graduate,No,5568,2142.0,175.0,360.0,1.0,Rural,N,7710.0,0.031423954031244386
LP001422,Female,No,0.0,Graduate,No,10408,0.0,259.0,360.0,1.0,Urban,Y,10408.0,0.02488231338264963
LP001426,Male,Yes,,Graduate,No,5667,2667.0,180.0,360.0,1.0,Rural,Y,8334.0,0.03175723359209598
LP001430,Female,No,0.0,Graduate,No,4166,0.0,44.0,360.0,1.0,Semiurban,Y,4166.0,0.010559155267578594
LP001431,Female,No,0.0,Graduate,No,2137,8980.0,137.0,360.0,0.0,Semiurban,Y,11117.0,0.06407857811038353
LP001432,Male,Yes,2.0,Graduate,No,2957,0.0,81.0,360.0,1.0,Semiurban,Y,985.6666666666666,0.02738336713995943
LP001439,Male,Yes,0.0,Not Graduate,No,4300,2014.0,194.0,360.0,1.0,Rural,Y,6314.0,0.045105789351313645
LP001443,Female,No,0.0,Graduate,No,3692,0.0,93.0,360.0,,Rural,Y,3692.0,0.025182778229082048
LP001448,,Yes,,Graduate,No,23803,0.0,370.0,360.0,1.0,Rural,Y,23803.0,0.015543606116619056
LP001449,Male,No,0.0,Graduate,No,3865,1640.0,,360.0,1.0,Rural,Y,5505.0,0.0
LP001451,Male,Yes,1.0,Graduate,Yes,10513,3850.0,160.0,180.0,0.0,Urban,N,7181.5,0.015217804831653034
LP001465,Male,Yes,0.0,Graduate,No,6080,2569.0,182.0,360.0,,Rural,N,8649.0,0.029929287946061502
LP001469,Male,No,0.0,Graduate,Yes,20166,0.0,650.0,480.0,,Urban,Y,20166.0,0.03223087221698815
LP001473,Male,No,0.0,Graduate,No,2014,1929.0,74.0,360.0,1.0,Urban,Y,3943.0,0.03672456575682382
LP001478,Male,No,0.0,Graduate,No,2718,0.0,70.0,360.0,1.0,Semiurban,Y,2718.0,0.025744759102611255
LP001482,Male,Yes,0.0,Graduate,Yes,3459,0.0,25.0,120.0,1.0,Semiurban,Y,3459.0,0.0072254335260115606
LP001487,Male,No,0.0,Graduate,No,4895,0.0,102.0,360.0,1.0,Semiurban,Y,4895.0,0.020833333333333332
LP001488,Male,Yes,,Graduate,No,4000,7750.0,290.0,360.0,1.0,Semiurban,N,11750.0,0.07248187953011748
LP001489,Female,Yes,0.0,Graduate,No,4583,0.0,84.0,360.0,1.0,Rural,N,4583.0,0.01832460732984293
LP001491,Male,Yes,2.0,Graduate,Yes,3316,3500.0,88.0,360.0,1.0,Urban,Y,2272.0,0.026529996985227615
LP001492,Male,No,0.0,Graduate,No,14999,0.0,242.0,360.0,0.0,Semiurban,N,14999.0,0.016133333333333333
LP001493,Male,Yes,2.0,Not Graduate,No,4200,1430.0,129.0,360.0,1.0,Rural,N,1876.6666666666667,0.03070697452987384
LP001497,Male,Yes,2.0,Graduate,No,5042,2083.0,185.0,360.0,1.0,Rural,N,2375.0,0.03668451318659528
LP001498,Male,No,0.0,Graduate,No,5417,0.0,168.0,360.0,1.0,Urban,Y,5417.0,0.031007751937984496
LP001504,Male,No,0.0,Graduate,Yes,6950,0.0,175.0,180.0,1.0,Semiurban,Y,6950.0,0.025176233635448138
LP001507,Male,Yes,0.0,Graduate,No,2698,2034.0,122.0,360.0,1.0,Semiurban,Y,4732.0,0.04520192663949611
LP001508,Male,Yes,2.0,Graduate,No,11757,0.0,187.0,180.0,1.0,Urban,Y,3919.0,0.01590406531723082
LP001514,Female,Yes,0.0,Graduate,No,2330,4486.0,100.0,360.0,1.0,Semiurban,Y,6816.0,0.0429000429000429
LP001516,Female,Yes,2.0,Graduate,No,14866,0.0,70.0,360.0,1.0,Urban,Y,4955.333333333333,0.004708414609537903
LP001518,Male,Yes,1.0,Graduate,No,1538,1425.0,30.0,360.0,1.0,Urban,Y,1481.5,0.01949317738791423
LP001519,Female,No,0.0,Graduate,No,10000,1666.0,225.0,360.0,1.0,Rural,N,11666.0,0.022497750224977502
LP001520,Male,Yes,0.0,Graduate,No,4860,830.0,125.0,360.0,1.0,Semiurban,Y,5690.0,0.025714873482822465
LP001528,Male,No,0.0,Graduate,No,6277,0.0,118.0,360.0,0.0,Rural,N,6277.0,0.01879579483912074
LP001529,Male,Yes,0.0,Graduate,Yes,2577,3750.0,152.0,360.0,1.0,Rural,Y,6327.0,0.05896043444530644
LP001531,Male,No,0.0,Graduate,No,9166,0.0,244.0,360.0,1.0,Urban,N,9166.0,0.026617213919493836
LP001532,Male,Yes,2.0,Not Graduate,No,2281,0.0,113.0,360.0,1.0,Rural,N,760.3333333333334,0.04951796669588081
LP001535,Male,No,0.0,Graduate,No,3254,0.0,50.0,360.0,1.0,Urban,Y,3254.0,0.015360983102918587
LP001536,Male,Yes,,Graduate,No,39999,0.0,600.0,180.0,0.0,Semiurban,Y,39999.0,0.015
LP001541,Male,Yes,1.0,Graduate,No,6000,0.0,160.0,360.0,,Rural,Y,3000.0,0.026662222962839526
LP001543,Male,Yes,1.0,Graduate,No,9538,0.0,187.0,360.0,1.0,Urban,Y,4769.0,0.01960373204738442
LP001546,Male,No,0.0,Graduate,,2980,2083.0,120.0,360.0,1.0,Rural,Y,5063.0,0.040254948004025494
LP001552,Male,Yes,0.0,Graduate,No,4583,5625.0,255.0,360.0,1.0,Semiurban,Y,10208.0,0.055628272251308904
LP001560,Male,Yes,0.0,Not Graduate,No,1863,1041.0,98.0,360.0,1.0,Semiurban,Y,2904.0,0.05257510729613734
LP001562,Male,Yes,0.0,Graduate,No,7933,0.0,275.0,360.0,1.0,Urban,N,7933.0,0.034660952861104107
LP001565,Male,Yes,1.0,Graduate,No,3089,1280.0,121.0,360.0,0.0,Semiurban,N,2184.5,0.039158576051779935
LP001570,Male,Yes,2.0,Graduate,No,4167,1447.0,158.0,360.0,1.0,Rural,Y,1871.3333333333333,0.03790786948176583
LP001572,Male,Yes,0.0,Graduate,No,9323,0.0,75.0,180.0,1.0,Urban,Y,9323.0,0.008043758043758044
LP001574,Male,Yes,0.0,Graduate,No,3707,3166.0,182.0,,1.0,Rural,Y,6873.0,0.04908306364617044
LP001577,Female,Yes,0.0,Graduate,No,4583,0.0,112.0,360.0,1.0,Rural,N,4583.0,0.02443280977312391
LP001578,Male,Yes,0.0,Graduate,No,2439,3333.0,129.0,360.0,1.0,Rural,Y,5772.0,0.052868852459016395
LP001579,Male,No,0.0,Graduate,No,2237,0.0,63.0,480.0,0.0,Semiurban,N,2237.0,0.028150134048257374
LP001580,Male,Yes,2.0,Graduate,No,8000,0.0,200.0,360.0,1.0,Semiurban,Y,2666.6666666666665,0.024996875390576177
LP001581,Male,Yes,0.0,Not Graduate,,1820,1769.0,95.0,360.0,1.0,Rural,Y,3589.0,0.05216913783635365
LP001585,,Yes,,Graduate,No,51763,0.0,700.0,300.0,1.0,Urban,Y,51763.0,0.01352291167606831
LP001586,Male,Yes,,Not Graduate,No,3522,0.0,81.0,180.0,1.0,Rural,N,3522.0,0.022991768379222254
LP001594,Male,Yes,0.0,Graduate,No,5708,5625.0,187.0,360.0,1.0,Semiurban,Y,11333.0,0.03275529865125241
LP001603,Male,Yes,0.0,Not Graduate,Yes,4344,736.0,87.0,360.0,1.0,Semiurban,N,5080.0,0.02002301495972382
LP001606,Male,Yes,0.0,Graduate,No,3497,1964.0,116.0,360.0,1.0,Rural,Y,5461.0,0.03316180674671241
LP001608,Male,Yes,2.0,Graduate,No,2045,1619.0,101.0,360.0,1.0,Rural,Y,1221.3333333333333,0.04936461388074291
LP001610,Male,Yes,,Graduate,No,5516,11300.0,495.0,360.0,0.0,Semiurban,N,16816.0,0.08972267536704731
LP001616,Male,Yes,1.0,Graduate,No,3750,0.0,116.0,360.0,1.0,Semiurban,Y,1875.0,0.030925086643561715
LP001630,Male,No,0.0,Not Graduate,No,2333,1451.0,102.0,480.0,0.0,Urban,N,3784.0,0.043701799485861184
LP001633,Male,Yes,1.0,Graduate,No,6400,7250.0,180.0,360.0,0.0,Urban,N,6825.0,0.028120606155288237
LP001634,Male,No,0.0,Graduate,No,1916,5063.0,67.0,360.0,,Rural,N,6979.0,0.03495044340114763
LP001636,Male,Yes,0.0,Graduate,No,4600,0.0,73.0,180.0,1.0,Semiurban,Y,4600.0,0.01586611606172571
LP001637,Male,Yes,1.0,Graduate,No,33846,0.0,260.0,360.0,1.0,Semiurban,N,16923.0,0.0076816261411646524
LP001639,Female,Yes,0.0,Graduate,No,3625,0.0,108.0,360.0,1.0,Semiurban,Y,3625.0,0.02978488692774407
LP001640,Male,Yes,0.0,Graduate,Yes,39147,4750.0,120.0,360.0,1.0,Semiurban,Y,43897.0,0.0030652906917339327
LP001641,Male,Yes,1.0,Graduate,Yes,2178,0.0,66.0,300.0,0.0,Rural,N,1089.0,0.030289123451124368
LP001643,Male,Yes,0.0,Graduate,No,2383,2138.0,58.0,360.0,,Rural,Y,4521.0,0.024328859060402684
LP001644,,Yes,0.0,Graduate,Yes,674,5296.0,168.0,360.0,1.0,Rural,Y,5970.0,0.24888888888888888
LP001647,Male,Yes,0.0,Graduate,No,9328,0.0,188.0,180.0,1.0,Rural,Y,9328.0,0.020152213527709295
LP001653,Male,No,0.0,Not Graduate,No,4885,0.0,48.0,360.0,1.0,Rural,Y,4885.0,0.009823986901350798
LP001656,Male,No,0.0,Graduate,No,12000,0.0,164.0,360.0,1.0,Semiurban,N,12000.0,0.013665527872677276
LP001657,Male,Yes,0.0,Not Graduate,No,6033,0.0,160.0,360.0,1.0,Urban,N,6033.0,0.026516407026847863
LP001658,Male,No,0.0,Graduate,No,3858,0.0,76.0,360.0,1.0,Semiurban,Y,3858.0,0.019694221300855144
LP001664,Male,No,0.0,Graduate,No,4191,0.0,120.0,360.0,1.0,Rural,Y,4191.0,0.02862595419847328
LP001665,Male,Yes,1.0,Graduate,No,3125,2583.0,170.0,360.0,1.0,Semiurban,N,2854.0,0.05438259756877799
LP001666,Male,No,0.0,Graduate,No,8333,3750.0,187.0,360.0,1.0,Rural,Y,12083.0,0.02243820494360451
LP001669,Female,No,0.0,Not Graduate,No,1907,2365.0,120.0,,1.0,Urban,Y,4272.0,0.06289308176100629
LP001671,Female,Yes,0.0,Graduate,No,3416,2816.0,113.0,360.0,,Semiurban,Y,6232.0,0.03306994439566872
LP001673,Male,No,0.0,Graduate,Yes,11000,0.0,83.0,360.0,1.0,Urban,N,11000.0,0.007544768657394782
LP001674,Male,Yes,1.0,Not Graduate,No,2600,2500.0,90.0,360.0,1.0,Semiurban,Y,2550.0,0.03460207612456748
LP001677,Male,No,2.0,Graduate,No,4923,0.0,166.0,360.0,0.0,Semiurban,Y,1641.0,0.033712428919577576
LP001682,Male,Yes,,Not Graduate,No,3992,0.0,,180.0,1.0,Urban,N,3992.0,0.0
LP001688,Male,Yes,1.0,Not Graduate,No,3500,1083.0,135.0,360.0,1.0,Urban,Y,2291.5,0.038560411311053984
LP001691,Male,Yes,2.0,Not Graduate,No,3917,0.0,124.0,360.0,1.0,Semiurban,Y,1305.6666666666667,0.03164880040837162
LP001692,Female,No,0.0,Not Graduate,No,4408,0.0,120.0,360.0,1.0,Semiurban,Y,4408.0,0.027217056021773645
LP001693,Female,No,0.0,Graduate,No,3244,0.0,80.0,360.0,1.0,Urban,Y,3244.0,0.02465331278890601
LP001698,Male,No,0.0,Not Graduate,No,3975,2531.0,55.0,360.0,1.0,Rural,Y,6506.0,0.013832997987927566
LP001699,Male,No,0.0,Graduate,No,2479,0.0,59.0,360.0,1.0,Urban,Y,2479.0,0.02379032258064516
LP001702,Male,No,0.0,Graduate,No,3418,0.0,127.0,360.0,1.0,Semiurban,N,3418.0,0.03714536414156186
LP001708,Female,No,0.0,Graduate,No,10000,0.0,214.0,360.0,1.0,Semiurban,N,10000.0,0.021397860213978603
LP001711,Male,Yes,,Graduate,No,3430,1250.0,128.0,360.0,0.0,Semiurban,N,4680.0,0.03730690760711163
LP001713,Male,Yes,1.0,Graduate,Yes,7787,0.0,240.0,360.0,1.0,Urban,Y,3893.5,0.030816640986132512
LP001715,Male,Yes,,Not Graduate,Yes,5703,0.0,130.0,360.0,1.0,Rural,Y,5703.0,0.02279102384291725
LP001716,Male,Yes,0.0,Graduate,No,3173,3021.0,137.0,360.0,1.0,Urban,Y,6194.0,0.04316320100819156
LP001720,Male,Yes,,Not Graduate,No,3850,983.0,100.0,360.0,1.0,Semiurban,Y,4833.0,0.025967281225655673
LP001722,Male,Yes,0.0,Graduate,No,150,1800.0,135.0,360.0,1.0,Rural,N,1950.0,0.8940397350993378
LP001726,Male,Yes,0.0,Graduate,No,3727,1775.0,131.0,360.0,1.0,Semiurban,Y,5502.0,0.035139484978540775
LP001732,Male,Yes,2.0,Graduate,,5000,0.0,72.0,360.0,0.0,Semiurban,N,1666.6666666666667,0.014397120575884824
LP001734,Female,Yes,2.0,Graduate,No,4283,2383.0,127.0,360.0,,Semiurban,Y,2222.0,0.02964519140989729
LP001736,Male,Yes,0.0,Graduate,No,2221,0.0,60.0,360.0,0.0,Urban,N,2221.0,0.027002700270027002
LP001743,Male,Yes,2.0,Graduate,No,4009,1717.0,116.0,360.0,1.0,Semiurban,Y,1908.6666666666667,0.02892768079800499
LP001744,Male,No,0.0,Graduate,No,2971,2791.0,144.0,360.0,1.0,Semiurban,Y,5762.0,0.04845222072678331
LP001749,Male,Yes,0.0,Graduate,No,7578,1010.0,175.0,,1.0,Semiurban,Y,8588.0,0.02309011742974007
LP001750,Male,Yes,0.0,Graduate,No,6250,0.0,128.0,360.0,1.0,Semiurban,Y,6250.0,0.020476723724204126
LP001751,Male,Yes,0.0,Graduate,No,3250,0.0,170.0,360.0,1.0,Rural,N,3250.0,0.05229160258382036
LP001754,Male,Yes,,Not Graduate,Yes,4735,0.0,138.0,360.0,1.0,Urban,N,4735.0,0.029138513513513514
LP001758,Male,Yes,2.0,Graduate,No,6250,1695.0,210.0,360.0,1.0,Semiurban,Y,2648.3333333333335,0.0335946248600224
LP001760,Male,,,Graduate,No,4758,0.0,158.0,480.0,1.0,Semiurban,Y,4758.0,0.03320025215381383
LP001761,Male,No,0.0,Graduate,Yes,6400,0.0,200.0,360.0,1.0,Rural,Y,6400.0,0.031245117950320263
LP001765,Male,Yes,1.0,Graduate,No,2491,2054.0,104.0,360.0,1.0,Semiurban,Y,2272.5,0.04173354735152488
LP001768,Male,Yes,0.0,Graduate,,3716,0.0,42.0,180.0,1.0,Rural,Y,3716.0,0.011299435028248588
LP001770,Male,No,0.0,Not Graduate,No,3189,2598.0,120.0,,1.0,Rural,Y,5787.0,0.03761755485893417
LP001776,Female,No,0.0,Graduate,No,8333,0.0,280.0,360.0,1.0,Semiurban,Y,8333.0,0.033597312215022795
LP001778,Male,Yes,1.0,Graduate,No,3155,1779.0,140.0,360.0,1.0,Semiurban,Y,2467.0,0.044359949302915085
LP001784,Male,Yes,1.0,Graduate,No,5500,1260.0,170.0,360.0,1.0,Rural,Y,3380.0,0.03090347209598255
LP001786,Male,Yes,0.0,Graduate,,5746,0.0,255.0,360.0,,Urban,N,5746.0,0.044370976161475555
LP001788,Female,No,0.0,Graduate,Yes,3463,0.0,122.0,360.0,,Urban,Y,3463.0,0.03521939953810624
LP001790,Female,No,1.0,Graduate,No,3812,0.0,112.0,360.0,1.0,Rural,Y,1906.0,0.02937319695777603
LP001792,Male,Yes,1.0,Graduate,No,3315,0.0,96.0,360.0,1.0,Semiurban,Y,1657.5,0.028950542822677925
LP001798,Male,Yes,2.0,Graduate,No,5819,5000.0,120.0,360.0,1.0,Rural,Y,3606.3333333333335,0.020618556701030927
LP001800,Male,Yes,1.0,Not Graduate,No,2510,1983.0,140.0,180.0,1.0,Urban,N,2246.5,0.05575467941059339
LP001806,Male,No,0.0,Graduate,No,2965,5701.0,155.0,60.0,1.0,Urban,Y,8666.0,0.05225893459204316
LP001807,Male,Yes,2.0,Graduate,Yes,6250,1300.0,108.0,360.0,1.0,Rural,Y,2516.6666666666665,0.01727723564229723
LP001811,Male,Yes,0.0,Not Graduate,No,3406,4417.0,123.0,360.0,1.0,Semiurban,Y,7823.0,0.03610214264749046
LP001813,Male,No,0.0,Graduate,Yes,6050,4333.0,120.0,180.0,1.0,Urban,N,10383.0,0.01983143282102132
LP001814,Male,Yes,2.0,Graduate,No,9703,0.0,112.0,360.0,1.0,Urban,Y,3234.3333333333335,0.011541632316570486
LP001819,Male,Yes,1.0,Not Graduate,No,6608,0.0,137.0,180.0,1.0,Urban,Y,3304.0,0.02072930851868664
LP001824,Male,Yes,1.0,Graduate,No,2882,1843.0,123.0,480.0,1.0,Semiurban,Y,2362.5,0.04266389177939646
LP001825,Male,Yes,0.0,Graduate,No,1809,1868.0,90.0,360.0,1.0,Urban,Y,3677.0,0.049723756906077346
LP001835,Male,Yes,0.0,Not Graduate,No,1668,3890.0,201.0,360.0,0.0,Semiurban,N,5558.0,0.12043139604553625
LP001836,Female,No,2.0,Graduate,No,3427,0.0,138.0,360.0,1.0,Urban,N,1142.3333333333333,0.040256709451575265
LP001841,Male,No,0.0,Not Graduate,Yes,2583,2167.0,104.0,360.0,1.0,Rural,Y,4750.0,0.04024767801857585
LP001843,Male,Yes,1.0,Not Graduate,No,2661,7101.0,279.0,180.0,1.0,Semiurban,Y,4881.0,0.1048084147257701
LP001844,Male,No,0.0,Graduate,Yes,16250,0.0,192.0,360.0,0.0,Urban,N,16250.0,0.011814657559534798
LP001846,Female,No,,Graduate,No,3083,0.0,255.0,360.0,1.0,Rural,Y,3083.0,0.08268482490272373
LP001849,Male,No,0.0,Not Graduate,No,6045,0.0,115.0,360.0,0.0,Rural,N,6045.0,0.01902084022494211
LP001854,Male,Yes,,Graduate,No,5250,0.0,94.0,360.0,1.0,Urban,N,5250.0,0.017901352123405066
LP001859,Male,Yes,0.0,Graduate,No,14683,2100.0,304.0,360.0,1.0,Rural,N,16783.0,0.02070280577499319
LP001864,Male,Yes,,Not Graduate,No,4931,0.0,128.0,360.0,,Semiurban,N,4931.0,0.025952960259529603
LP001865,Male,Yes,1.0,Graduate,No,6083,4250.0,330.0,360.0,,Urban,Y,5166.5,0.054240631163708086
LP001868,Male,No,0.0,Graduate,No,2060,2209.0,134.0,360.0,1.0,Semiurban,Y,4269.0,0.06501698204754973
LP001870,Female,No,1.0,Graduate,No,3481,0.0,155.0,36.0,1.0,Semiurban,N,1740.5,0.04451464675473866
LP001871,Female,No,0.0,Graduate,No,7200,0.0,120.0,360.0,1.0,Rural,Y,7200.0,0.016664352173309263
LP001872,Male,No,0.0,Graduate,Yes,5166,0.0,128.0,360.0,1.0,Semiurban,Y,5166.0,0.0247725953164312
LP001875,Male,No,0.0,Graduate,No,4095,3447.0,151.0,360.0,1.0,Rural,Y,7542.0,0.036865234375
LP001877,Male,Yes,2.0,Graduate,No,4708,1387.0,150.0,360.0,1.0,Semiurban,Y,2031.6666666666667,0.03185389679337439
LP001882,Male,Yes,,Graduate,No,4333,1811.0,160.0,360.0,0.0,Urban,Y,6144.0,0.03691739732348869
LP001883,Female,No,0.0,Graduate,,3418,0.0,135.0,360.0,1.0,Rural,N,3418.0,0.03948522959929804
LP001884,Female,No,1.0,Graduate,No,2876,1560.0,90.0,360.0,1.0,Urban,Y,2218.0,0.03128258602711158
LP001888,Female,No,0.0,Graduate,No,3237,0.0,30.0,360.0,1.0,Urban,Y,3237.0,0.00926497838171711
LP001891,Male,Yes,0.0,Graduate,No,11146,0.0,136.0,360.0,1.0,Urban,Y,11146.0,0.01220059208755719
LP001892,Male,No,0.0,Graduate,No,2833,1857.0,126.0,360.0,1.0,Rural,Y,4690.0,0.04446012702893437
LP001894,Male,Yes,0.0,Graduate,No,2620,2223.0,150.0,360.0,1.0,Semiurban,Y,4843.0,0.05723006486074018
LP001896,Male,Yes,2.0,Graduate,No,3900,0.0,90.0,360.0,1.0,Semiurban,Y,1300.0,0.023071007433991285
LP001900,Male,Yes,1.0,Graduate,No,2750,1842.0,115.0,360.0,1.0,Semiurban,Y,2296.0,0.04180298073427845
LP001903,Male,Yes,0.0,Graduate,No,3993,3274.0,207.0,360.0,1.0,Semiurban,Y,7267.0,0.051827741612418626
LP001904,Male,Yes,0.0,Graduate,No,3103,1300.0,80.0,360.0,1.0,Urban,Y,4403.0,0.02577319587628866
LP001907,Male,Yes,0.0,Graduate,No,14583,0.0,436.0,360.0,1.0,Semiurban,Y,14583.0,0.029895776193088315
LP001908,Female,Yes,0.0,Not Graduate,No,4100,0.0,124.0,360.0,,Rural,Y,4100.0,0.03023652767617654
LP001910,Male,No,1.0,Not Graduate,Yes,4053,2426.0,158.0,360.0,0.0,Urban,N,3239.5,0.038973852984706465
LP001914,Male,Yes,0.0,Graduate,No,3927,800.0,112.0,360.0,1.0,Semiurban,Y,4727.0,0.028513238289205704
LP001915,Male,Yes,2.0,Graduate,No,2301,985.7999878,78.0,180.0,1.0,Urban,Y,1095.5999959333333,0.03388357949609035
LP001917,Female,No,0.0,Graduate,No,1811,1666.0,54.0,360.0,1.0,Urban,Y,3477.0,0.029801324503311258
LP001922,Male,Yes,0.0,Graduate,No,20667,0.0,,360.0,1.0,Rural,N,20667.0,0.0
LP001924,Male,No,0.0,Graduate,No,3158,3053.0,89.0,360.0,1.0,Rural,Y,6211.0,0.028173472617917063
LP001925,Female,No,0.0,Graduate,Yes,2600,1717.0,99.0,300.0,1.0,Semiurban,N,4317.0,0.03806228373702422
LP001926,Male,Yes,0.0,Graduate,No,3704,2000.0,120.0,360.0,1.0,Rural,Y,5704.0,0.032388663967611336
LP001931,Female,No,0.0,Graduate,No,4124,0.0,115.0,360.0,1.0,Semiurban,Y,4124.0,0.027878787878787878
LP001935,Male,No,0.0,Graduate,No,9508,0.0,187.0,360.0,1.0,Rural,Y,9508.0,0.019665579976864023
LP001936,Male,Yes,0.0,Graduate,No,3075,2416.0,139.0,360.0,1.0,Rural,Y,5491.0,0.045188556566970094
LP001938,Male,Yes,2.0,Graduate,No,4400,0.0,127.0,360.0,0.0,Semiurban,N,1466.6666666666667,0.028857077936832537
LP001940,Male,Yes,2.0,Graduate,No,3153,1560.0,134.0,360.0,1.0,Urban,Y,1571.0,0.0424857324032974
LP001945,Female,No,,Graduate,No,5417,0.0,143.0,480.0,0.0,Urban,N,5417.0,0.026393503137689185
LP001947,Male,Yes,0.0,Graduate,No,2383,3334.0,172.0,360.0,1.0,Semiurban,Y,5717.0,0.07214765100671142
LP001949,Male,Yes,,Graduate,,4416,1250.0,110.0,360.0,1.0,Urban,Y,5666.0,0.02490378084672855
LP001953,Male,Yes,1.0,Graduate,No,6875,0.0,200.0,360.0,1.0,Semiurban,Y,3437.5,0.029086678301337987
LP001954,Female,Yes,1.0,Graduate,No,4666,0.0,135.0,360.0,1.0,Urban,Y,2333.0,0.028926505249625027
LP001955,Female,No,0.0,Graduate,No,5000,2541.0,151.0,480.0,1.0,Rural,N,7541.0,0.030193961207758448
LP001963,Male,Yes,1.0,Graduate,No,2014,2925.0,113.0,360.0,1.0,Urban,N,2469.5,0.05607940446650124
LP001964,Male,Yes,0.0,Not Graduate,No,1800,2934.0,93.0,360.0,0.0,Urban,N,4734.0,0.051637978900610775
LP001972,Male,Yes,,Not Graduate,No,2875,1750.0,105.0,360.0,1.0,Semiurban,Y,4625.0,0.03650904033379694
LP001974,Female,No,0.0,Graduate,No,5000,0.0,132.0,360.0,1.0,Rural,Y,5000.0,0.026394721055788842
LP001977,Male,Yes,1.0,Graduate,No,1625,1803.0,96.0,360.0,1.0,Urban,Y,1714.0,0.05904059040590406
LP001978,Male,No,0.0,Graduate,No,4000,2500.0,140.0,360.0,1.0,Rural,Y,6500.0,0.03499125218695326
LP001990,Male,No,0.0,Not Graduate,No,2000,0.0,,360.0,1.0,Urban,N,2000.0,0.0
LP001993,Female,No,0.0,Graduate,No,3762,1666.0,135.0,360.0,1.0,Rural,Y,5428.0,0.03587563114536274
LP001994,Female,No,0.0,Graduate,No,2400,1863.0,104.0,360.0,0.0,Urban,N,4263.0,0.043315285297792584
LP001996,Male,No,0.0,Graduate,No,20233,0.0,480.0,360.0,1.0,Rural,N,20233.0,0.023722447365819906
LP001998,Male,Yes,2.0,Not Graduate,No,7667,0.0,185.0,360.0,,Rural,Y,2555.6666666666665,0.02412623891497131
LP002002,Female,No,0.0,Graduate,No,2917,0.0,84.0,360.0,1.0,Semiurban,Y,2917.0,0.02878684030157642
LP002004,Male,No,0.0,Not Graduate,No,2927,2405.0,111.0,360.0,1.0,Semiurban,Y,5332.0,0.03790983606557377
LP002006,Female,No,0.0,Graduate,No,2507,0.0,56.0,360.0,1.0,Rural,Y,2507.0,0.022328548644338118
LP002008,Male,Yes,2.0,Graduate,Yes,5746,0.0,144.0,84.0,,Rural,Y,1915.3333333333333,0.02505655124412737
LP002024,,Yes,0.0,Graduate,No,2473,1843.0,159.0,360.0,1.0,Rural,N,4316.0,0.06426839126919967
LP002031,Male,Yes,1.0,Not Graduate,No,3399,1640.0,111.0,180.0,1.0,Urban,Y,2519.5,0.03264705882352941
LP002035,Male,Yes,2.0,Graduate,No,3717,0.0,120.0,360.0,1.0,Semiurban,Y,1239.0,0.0322754168908015
LP002036,Male,Yes,0.0,Graduate,No,2058,2134.0,88.0,360.0,,Urban,Y,4192.0,0.042739193783389993
LP002043,Female,No,1.0,Graduate,No,3541,0.0,112.0,360.0,,Semiurban,Y,1770.5,0.03162055335968379
LP002050,Male,Yes,1.0,Graduate,Yes,10000,0.0,155.0,360.0,1.0,Rural,N,5000.0,0.015498450154984501
LP002051,Male,Yes,0.0,Graduate,No,2400,2167.0,115.0,360.0,1.0,Semiurban,Y,4567.0,0.04789670970428988
LP002053,Male,Yes,,Graduate,No,4342,189.0,124.0,360.0,1.0,Semiurban,Y,4531.0,0.02855169237854018
LP002054,Male,Yes,2.0,Not Graduate,No,3601,1590.0,,360.0,1.0,Rural,Y,1730.3333333333333,0.0
LP002055,Female,No,0.0,Graduate,No,3166,2985.0,132.0,360.0,,Rural,Y,6151.0,0.04167982317650774
LP002065,Male,Yes,,Graduate,No,15000,0.0,300.0,360.0,1.0,Rural,Y,15000.0,0.01999866675554963
LP002067,Male,Yes,1.0,Graduate,Yes,8666,4983.0,376.0,360.0,0.0,Rural,N,6824.5,0.04338294680973809
LP002068,Male,No,0.0,Graduate,No,4917,0.0,130.0,360.0,0.0,Rural,Y,4917.0,0.026433509556730378
LP002082,Male,Yes,0.0,Graduate,Yes,5818,2160.0,184.0,360.0,1.0,Semiurban,Y,7978.0,0.03162055335968379
LP002086,Female,Yes,0.0,Graduate,No,4333,2451.0,110.0,360.0,1.0,Urban,N,6784.0,0.025380710659898477
LP002087,Female,No,0.0,Graduate,No,2500,0.0,67.0,360.0,1.0,Urban,Y,2500.0,0.026789284286285485
LP002097,Male,No,1.0,Graduate,No,4384,1793.0,117.0,360.0,1.0,Urban,Y,3088.5,0.026681870011402507
LP002098,Male,No,0.0,Graduate,No,2935,0.0,98.0,360.0,1.0,Semiurban,Y,2935.0,0.03337874659400545
LP002100,Male,No,,Graduate,No,2833,0.0,71.0,360.0,1.0,Urban,Y,2833.0,0.025052928722653495
LP002101,Male,Yes,0.0,Graduate,,63337,0.0,490.0,180.0,1.0,Urban,Y,63337.0,0.007736272064163693
LP002103,,Yes,1.0,Graduate,Yes,9833,1833.0,182.0,180.0,1.0,Urban,Y,5833.0,0.018507219849501728
LP002106,Male,Yes,,Graduate,Yes,5503,4490.0,70.0,,1.0,Semiurban,Y,9993.0,0.012718023255813954
LP002110,Male,Yes,1.0,Graduate,,5250,688.0,160.0,360.0,1.0,Rural,Y,2969.0,0.030470386593029898
LP002112,Male,Yes,2.0,Graduate,Yes,2500,4600.0,176.0,360.0,1.0,Rural,Y,2366.6666666666665,0.0703718512594962
LP002113,Female,No,,Not Graduate,No,1830,0.0,,360.0,0.0,Urban,N,1830.0,0.0
LP002114,Female,No,0.0,Graduate,No,4160,0.0,71.0,360.0,1.0,Semiurban,Y,4160.0,0.017063205960105743
LP002115,Male,Yes,,Not Graduate,No,2647,1587.0,173.0,360.0,1.0,Rural,N,4234.0,0.06533232628398791
LP002116,Female,No,0.0,Graduate,No,2378,0.0,46.0,360.0,1.0,Rural,N,2378.0,0.019335855401429174
LP002119,Male,Yes,1.0,Not Graduate,No,4554,1229.0,158.0,360.0,1.0,Urban,Y,2891.5,0.03468715697036224
LP002126,Male,Yes,,Not Graduate,No,3173,0.0,74.0,360.0,1.0,Semiurban,Y,3173.0,0.023314429741650915
LP002128,Male,Yes,2.0,Graduate,,2583,2330.0,125.0,360.0,1.0,Rural,Y,1637.6666666666667,0.04837461300309598
LP002129,Male,Yes,0.0,Graduate,No,2499,2458.0,160.0,360.0,1.0,Semiurban,Y,4957.0,0.064
LP002130,Male,Yes,,Not Graduate,No,3523,3230.0,152.0,360.0,0.0,Rural,N,6753.0,0.043132803632236094
LP002131,Male,Yes,2.0,Not Graduate,No,3083,2168.0,126.0,360.0,1.0,Urban,Y,1750.3333333333333,0.04085603112840467
LP002137,Male,Yes,0.0,Graduate,No,6333,4583.0,259.0,360.0,,Semiurban,Y,10916.0,0.04089043258604357
LP002138,Male,Yes,0.0,Graduate,No,2625,6250.0,187.0,360.0,1.0,Rural,Y,8875.0,0.07121096725057122
LP002139,Male,Yes,0.0,Graduate,No,9083,0.0,228.0,360.0,1.0,Semiurban,Y,9083.0,0.02509907529722589
LP002140,Male,No,0.0,Graduate,No,8750,4167.0,308.0,360.0,1.0,Rural,N,12917.0,0.03519597760255971
LP002141,Male,Yes,,Graduate,No,2666,2083.0,95.0,360.0,1.0,Rural,Y,4749.0,0.03562054743157105
LP002142,Female,Yes,0.0,Graduate,Yes,5500,0.0,105.0,360.0,0.0,Rural,N,5500.0,0.019087438647518634
LP002143,Female,Yes,0.0,Graduate,No,2423,505.0,130.0,360.0,1.0,Semiurban,Y,2928.0,0.05363036303630363
LP002144,Female,No,,Graduate,No,3813,0.0,116.0,180.0,1.0,Urban,Y,3813.0,0.030414263240692185
LP002149,Male,Yes,2.0,Graduate,No,8333,3167.0,165.0,360.0,1.0,Rural,Y,3833.3333333333335,0.019798416126709864
LP002151,Male,Yes,1.0,Graduate,No,3875,0.0,67.0,360.0,1.0,Urban,N,1937.5,0.017285861713106296
LP002158,Male,Yes,0.0,Not Graduate,No,3000,1666.0,100.0,480.0,0.0,Urban,N,4666.0,0.03332222592469177
LP002160,Male,Yes,,Graduate,No,5167,3167.0,200.0,360.0,1.0,Semiurban,Y,8334.0,0.03869969040247678
LP002161,Female,No,1.0,Graduate,No,4723,0.0,81.0,360.0,1.0,Semiurban,N,2361.5,0.01714648602878916
LP002170,Male,Yes,2.0,Graduate,No,5000,3667.0,236.0,360.0,1.0,Semiurban,Y,2889.0,0.047190561887622474
LP002175,Male,Yes,0.0,Graduate,No,4750,2333.0,130.0,360.0,1.0,Urban,Y,7083.0,0.02736266049252789
LP002178,Male,Yes,0.0,Graduate,No,3013,3033.0,95.0,300.0,,Urban,Y,6046.0,0.03151957531519575
LP002180,Male,No,0.0,Graduate,Yes,6822,0.0,141.0,360.0,1.0,Rural,Y,6822.0,0.020665396453173092
LP002181,Male,No,0.0,Not Graduate,No,6216,0.0,133.0,360.0,1.0,Rural,N,6216.0,0.021392954801351134
LP002187,Male,No,0.0,Graduate,No,2500,0.0,96.0,480.0,1.0,Semiurban,N,2500.0,0.03838464614154338
LP002188,Male,No,0.0,Graduate,No,5124,0.0,124.0,,0.0,Rural,N,5124.0,0.024195121951219513
LP002190,Male,Yes,1.0,Graduate,No,6325,0.0,175.0,360.0,1.0,Semiurban,Y,3162.5,0.027663610496364212
LP002191,Male,Yes,0.0,Graduate,No,19730,5266.0,570.0,360.0,1.0,Rural,N,24996.0,0.028888551011099287
LP002194,Female,No,0.0,Graduate,Yes,15759,0.0,55.0,360.0,1.0,Semiurban,Y,15759.0,0.0034898477157360407
LP002197,Male,Yes,2.0,Graduate,No,5185,0.0,155.0,360.0,1.0,Semiurban,Y,1728.3333333333333,0.029888160431932126
LP002201,Male,Yes,2.0,Graduate,Yes,9323,7873.0,380.0,300.0,1.0,Rural,Y,5732.0,0.04075504075504076
LP002205,Male,No,1.0,Graduate,No,3062,1987.0,111.0,180.0,0.0,Urban,N,2524.5,0.03623898139079334
LP002209,Female,No,0.0,Graduate,,2764,1459.0,110.0,360.0,1.0,Urban,Y,4223.0,0.039783001808318265
LP002211,Male,Yes,0.0,Graduate,No,4817,923.0,120.0,180.0,1.0,Urban,Y,5740.0,0.024906600249066
LP002219,Male,Yes,,Graduate,No,8750,4996.0,130.0,360.0,1.0,Rural,Y,13746.0,0.014855445091989487
LP002223,Male,Yes,0.0,Graduate,No,4310,0.0,130.0,360.0,,Semiurban,Y,4310.0,0.03015541637671074
LP002224,Male,No,0.0,Graduate,No,3069,0.0,71.0,480.0,1.0,Urban,N,3069.0,0.023127035830618894
LP002225,Male,Yes,2.0,Graduate,No,5391,0.0,130.0,360.0,1.0,Urban,Y,1797.0,0.02410979228486647
LP002226,Male,Yes,0.0,Graduate,,3333,2500.0,128.0,360.0,1.0,Semiurban,Y,5833.0,0.03839232153569286
LP002229,Male,No,0.0,Graduate,No,5941,4232.0,296.0,360.0,1.0,Semiurban,Y,10173.0,0.049814877145742176
LP002231,Female,No,0.0,Graduate,No,6000,0.0,156.0,360.0,1.0,Urban,Y,6000.0,0.02599566738876854
LP002234,Male,No,0.0,Graduate,Yes,7167,0.0,128.0,360.0,1.0,Urban,Y,7167.0,0.017857142857142856
LP002236,Male,Yes,2.0,Graduate,No,4566,0.0,100.0,360.0,1.0,Urban,N,1522.0,0.02189621195533173
LP002237,Male,No,1.0,Graduate,,3667,0.0,113.0,180.0,1.0,Urban,Y,1833.5,0.030806979280261722
LP002239,Male,No,0.0,Not Graduate,No,2346,1600.0,132.0,360.0,1.0,Semiurban,Y,3946.0,0.05624201107797188
LP002243,Male,Yes,0.0,Not Graduate,No,3010,3136.0,,360.0,0.0,Urban,N,6146.0,0.0
LP002244,Male,Yes,0.0,Graduate,No,2333,2417.0,136.0,360.0,1.0,Urban,Y,4750.0,0.05826906598114824
LP002250,Male,Yes,0.0,Graduate,No,5488,0.0,125.0,360.0,1.0,Rural,Y,5488.0,0.02277281836400073
LP002255,Male,No,,Graduate,No,9167,0.0,185.0,360.0,1.0,Rural,Y,9167.0,0.02017888307155323
LP002262,Male,Yes,,Graduate,No,9504,0.0,275.0,360.0,1.0,Rural,Y,9504.0,0.028932140978432403
LP002263,Male,Yes,0.0,Graduate,No,2583,2115.0,120.0,360.0,,Urban,Y,4698.0,0.04643962848297214
LP002265,Male,Yes,2.0,Not Graduate,No,1993,1625.0,113.0,180.0,1.0,Semiurban,Y,1206.0,0.05667001003009027
LP002266,Male,Yes,2.0,Graduate,No,3100,1400.0,113.0,360.0,1.0,Urban,Y,1500.0,0.03643985811028701
LP002272,Male,Yes,2.0,Graduate,No,3276,484.0,135.0,360.0,,Semiurban,Y,1253.3333333333333,0.0411962160512664
LP002277,Female,No,0.0,Graduate,No,3180,0.0,71.0,360.0,0.0,Urban,N,3180.0,0.022320025149324112
LP002281,Male,Yes,0.0,Graduate,No,3033,1459.0,95.0,360.0,1.0,Urban,Y,4492.0,0.031311799604482535
LP002284,Male,No,0.0,Not Graduate,No,3902,1666.0,109.0,360.0,1.0,Rural,Y,5568.0,0.02792723545990264
LP002287,Female,No,0.0,Graduate,No,1500,1800.0,103.0,360.0,0.0,Semiurban,N,3300.0,0.06862091938707528
LP002288,Male,Yes,2.0,Not Graduate,No,2889,0.0,45.0,180.0,0.0,Urban,N,963.0,0.015570934256055362
LP002296,Male,No,0.0,Not Graduate,No,2755,0.0,65.0,300.0,1.0,Rural,N,2755.0,0.02358490566037736
LP002297,Male,No,0.0,Graduate,No,2500,20000.0,103.0,360.0,1.0,Semiurban,Y,22500.0,0.04118352658936426
LP002300,Female,No,0.0,Not Graduate,No,1963,0.0,53.0,360.0,1.0,Semiurban,Y,1963.0,0.0269857433808554
LP002301,Female,No,0.0,Graduate,Yes,7441,0.0,194.0,360.0,1.0,Rural,N,7441.0,0.026068261220102123
LP002305,Female,No,0.0,Graduate,No,4547,0.0,115.0,360.0,1.0,Semiurban,Y,4547.0,0.0252858399296394
LP002308,Male,Yes,0.0,Not Graduate,No,2167,2400.0,115.0,360.0,1.0,Urban,Y,4567.0,0.05304428044280443
LP002314,Female,No,0.0,Not Graduate,No,2213,0.0,66.0,360.0,1.0,Rural,Y,2213.0,0.02981029810298103
LP002315,Male,Yes,1.0,Graduate,No,8300,0.0,152.0,300.0,0.0,Semiurban,N,4150.0,0.018311046861823877
LP002317,Male,Yes,,Graduate,No,81000,0.0,360.0,360.0,0.0,Rural,N,81000.0,0.00444438957543734
LP002318,Female,No,1.0,Not Graduate,Yes,3867,0.0,62.0,360.0,1.0,Semiurban,N,1933.5,0.016028955532574975
LP002319,Male,Yes,0.0,Graduate,,6256,0.0,160.0,360.0,,Urban,Y,6256.0,0.02557136007671408
LP002328,Male,Yes,0.0,Not Graduate,No,6096,0.0,218.0,360.0,0.0,Rural,N,6096.0,0.03575528948663277
LP002332,Male,Yes,0.0,Not Graduate,No,2253,2033.0,110.0,360.0,1.0,Rural,Y,4286.0,0.048802129547471165
LP002335,Female,Yes,0.0,Not Graduate,No,2149,3237.0,178.0,360.0,0.0,Semiurban,N,5386.0,0.0827906976744186
LP002337,Female,No,0.0,Graduate,No,2995,0.0,60.0,360.0,1.0,Urban,Y,2995.0,0.020026702269692925
LP002341,Female,No,1.0,Graduate,No,2600,0.0,160.0,360.0,1.0,Urban,N,1300.0,0.06151480199923107
LP002342,Male,Yes,2.0,Graduate,Yes,1600,20000.0,239.0,360.0,1.0,Urban,N,7200.0,0.14928169893816365
LP002345,Male,Yes,0.0,Graduate,No,1025,2773.0,112.0,360.0,1.0,Rural,Y,3798.0,0.10916179337231968
LP002347,Male,Yes,0.0,Graduate,No,3246,1417.0,138.0,360.0,1.0,Semiurban,Y,4663.0,0.04250076994148445
LP002348,Male,Yes,0.0,Graduate,No,5829,0.0,138.0,360.0,1.0,Rural,Y,5829.0,0.023670668953687822
LP002357,Female,No,0.0,Not Graduate,No,2720,0.0,80.0,,0.0,Urban,N,2720.0,0.02940095553105476
LP002361,Male,Yes,0.0,Graduate,No,1820,1719.0,100.0,360.0,1.0,Urban,Y,3539.0,0.054914881933003847
LP002362,Male,Yes,1.0,Graduate,No,7250,1667.0,110.0,,0.0,Urban,N,4458.5,0.015170321334988277
LP002364,Male,Yes,0.0,Graduate,No,14880,0.0,96.0,360.0,1.0,Semiurban,Y,14880.0,0.00645117935622606
LP002366,Male,Yes,0.0,Graduate,No,2666,4300.0,121.0,360.0,1.0,Rural,Y,6966.0,0.045369328833895765
LP002367,Female,No,1.0,Not Graduate,No,4606,0.0,81.0,360.0,1.0,Rural,N,2303.0,0.017581940525287606
LP002368,Male,Yes,2.0,Graduate,No,5935,0.0,133.0,360.0,1.0,Semiurban,Y,1978.3333333333333,0.02240566037735849
LP002369,Male,Yes,0.0,Graduate,No,2920,16.12000084,87.0,360.0,1.0,Rural,Y,2936.12000084,0.029784320438206092
LP002370,Male,No,0.0,Not Graduate,No,2717,0.0,60.0,180.0,1.0,Urban,Y,2717.0,0.02207505518763797
LP002377,Female,No,1.0,Graduate,Yes,8624,0.0,150.0,360.0,1.0,Semiurban,Y,4312.0,0.017391304347826087
LP002379,Male,No,0.0,Graduate,No,6500,0.0,105.0,360.0,0.0,Rural,N,6500.0,0.016151361329026302
LP002386,Male,No,0.0,Graduate,,12876,0.0,405.0,360.0,1.0,Semiurban,Y,12876.0,0.03145142502135591
LP002387,Male,Yes,0.0,Graduate,No,2425,2340.0,143.0,360.0,1.0,Semiurban,Y,4765.0,0.05894476504534213
LP002390,Male,No,0.0,Graduate,No,3750,0.0,100.0,360.0,1.0,Urban,Y,3750.0,0.026659557451346308
LP002393,Female,,,Graduate,No,10047,0.0,,240.0,1.0,Semiurban,Y,10047.0,0.0
LP002398,Male,No,0.0,Graduate,No,1926,1851.0,50.0,360.0,1.0,Semiurban,Y,3777.0,0.02594706798131811
LP002401,Male,Yes,0.0,Graduate,No,2213,1125.0,,360.0,1.0,Urban,Y,3338.0,0.0
LP002403,Male,No,0.0,Graduate,Yes,10416,0.0,187.0,360.0,0.0,Urban,N,10416.0,0.01795142555438226
LP002407,Female,Yes,0.0,Not Graduate,Yes,7142,0.0,138.0,360.0,1.0,Rural,Y,7142.0,0.019319613607727847
LP002408,Male,No,0.0,Graduate,No,3660,5064.0,187.0,360.0,1.0,Semiurban,Y,8724.0,0.051078940180278615
LP002409,Male,Yes,0.0,Graduate,No,7901,1833.0,180.0,360.0,1.0,Rural,Y,9734.0,0.022779043280182234
LP002418,Male,No,,Not Graduate,No,4707,1993.0,148.0,360.0,1.0,Semiurban,Y,6700.0,0.03143585386576041
LP002422,Male,No,1.0,Graduate,No,37719,0.0,152.0,360.0,1.0,Semiurban,Y,18859.5,0.004029692470837752
LP002424,Male,Yes,0.0,Graduate,No,7333,8333.0,175.0,300.0,,Rural,Y,15666.0,0.02386146713935097
LP002429,Male,Yes,1.0,Graduate,Yes,3466,1210.0,130.0,360.0,1.0,Rural,Y,2338.0,0.037496394577444477
LP002434,Male,Yes,2.0,Not Graduate,No,4652,0.0,110.0,360.0,1.0,Rural,Y,1550.6666666666667,0.02364066193853428
LP002435,Male,Yes,0.0,Graduate,,3539,1376.0,55.0,360.0,1.0,Rural,N,4915.0,0.015536723163841809
LP002443,Male,Yes,2.0,Graduate,No,3340,1710.0,150.0,360.0,0.0,Rural,N,1683.3333333333333,0.044896737503741395
LP002444,Male,No,1.0,Not Graduate,Yes,2769,1542.0,190.0,360.0,,Semiurban,N,2155.5,0.06859205776173286
LP002446,Male,Yes,2.0,Not Graduate,No,2309,1255.0,125.0,360.0,0.0,Rural,N,1188.0,0.05411255411255411
LP002447,Male,Yes,2.0,Not Graduate,No,1958,1456.0,60.0,300.0,,Urban,Y,1138.0,0.030627871362940276
LP002448,Male,Yes,0.0,Graduate,No,3948,1733.0,149.0,360.0,0.0,Rural,N,5681.0,0.037731071157255
LP002449,Male,Yes,0.0,Graduate,No,2483,2466.0,90.0,180.0,0.0,Rural,Y,4949.0,0.036231884057971016
LP002453,Male,No,0.0,Graduate,Yes,7085,0.0,84.0,360.0,1.0,Semiurban,Y,7085.0,0.011854360711261643
LP002455,Male,Yes,2.0,Graduate,No,3859,0.0,96.0,360.0,1.0,Semiurban,Y,1286.3333333333333,0.024870466321243522
LP002459,Male,Yes,0.0,Graduate,No,4301,0.0,118.0,360.0,1.0,Urban,Y,4301.0,0.027429102742910275
LP002467,Male,Yes,0.0,Graduate,No,3708,2569.0,173.0,360.0,1.0,Urban,N,6277.0,0.04664330008088433
LP002472,Male,No,2.0,Graduate,No,4354,0.0,136.0,360.0,1.0,Rural,Y,1451.3333333333333,0.031228473019517797
LP002473,Male,Yes,0.0,Graduate,No,8334,0.0,160.0,360.0,1.0,Semiurban,N,8334.0,0.01919616076784643
LP002478,,Yes,0.0,Graduate,Yes,2083,4083.0,160.0,360.0,,Semiurban,Y,6166.0,0.07677543186180422
LP002484,Male,Yes,,Graduate,No,7740,0.0,128.0,180.0,1.0,Urban,Y,7740.0,0.016535331352538433
LP002487,Male,Yes,0.0,Graduate,No,3015,2188.0,153.0,360.0,1.0,Rural,Y,5203.0,0.05072944297082228
LP002489,Female,No,1.0,Not Graduate,,5191,0.0,132.0,360.0,1.0,Semiurban,Y,2595.5,0.025423728813559324
LP002493,Male,No,0.0,Graduate,No,4166,0.0,98.0,360.0,0.0,Semiurban,N,4166.0,0.02351811855051596
LP002494,Male,No,0.0,Graduate,No,6000,0.0,140.0,360.0,1.0,Rural,Y,6000.0,0.023329445092484587
LP002500,Male,Yes,,Not Graduate,No,2947,1664.0,70.0,180.0,0.0,Urban,N,4611.0,0.023744911804613297
LP002501,,Yes,0.0,Graduate,No,16692,0.0,110.0,360.0,1.0,Semiurban,Y,16692.0,0.006589588450248607
LP002502,Female,Yes,2.0,Not Graduate,,210,2917.0,98.0,360.0,1.0,Semiurban,Y,1042.3333333333333,0.46445497630331756
LP002505,Male,Yes,0.0,Graduate,No,4333,2451.0,110.0,360.0,1.0,Urban,N,6784.0,0.025380710659898477
LP002515,Male,Yes,1.0,Graduate,Yes,3450,2079.0,162.0,360.0,1.0,Semiurban,Y,2764.5,0.04694291509707331
LP002517,Male,Yes,1.0,Not Graduate,No,2653,1500.0,113.0,180.0,0.0,Rural,N,2076.5,0.042577241899020346
LP002519,Male,Yes,,Graduate,No,4691,0.0,100.0,360.0,1.0,Semiurban,Y,4691.0,0.021312872975277068
LP002522,Female,No,0.0,Graduate,Yes,2500,0.0,93.0,360.0,,Urban,Y,2500.0,0.03718512594962015
LP002524,Male,No,2.0,Graduate,No,5532,4648.0,162.0,360.0,1.0,Rural,Y,3393.3333333333335,0.029278872221218145
LP002527,Male,Yes,2.0,Graduate,Yes,16525,1014.0,150.0,360.0,1.0,Rural,Y,5846.333333333333,0.009076606559361006
LP002529,Male,Yes,2.0,Graduate,No,6700,1750.0,230.0,300.0,1.0,Semiurban,Y,2816.6666666666665,0.03432323533800925
LP002530,,Yes,2.0,Graduate,No,2873,1872.0,132.0,360.0,0.0,Semiurban,N,1581.6666666666667,0.04592901878914405
LP002531,Male,Yes,1.0,Graduate,Yes,16667,2250.0,86.0,360.0,1.0,Semiurban,Y,9458.5,0.0051595872330213585
LP002533,Male,Yes,2.0,Graduate,No,2947,1603.0,,360.0,1.0,Urban,N,1516.6666666666667,0.0
LP002534,Female,No,0.0,Not Graduate,No,4350,0.0,154.0,360.0,1.0,Rural,Y,4350.0,0.03539416226154907
LP002536,Male,Yes,,Not Graduate,No,3095,0.0,113.0,360.0,1.0,Rural,Y,3095.0,0.03649870801033592
LP002537,Male,Yes,0.0,Graduate,No,2083,3150.0,128.0,360.0,1.0,Semiurban,Y,5233.0,0.061420345489443376
LP002541,Male,Yes,0.0,Graduate,No,10833,0.0,234.0,360.0,1.0,Semiurban,Y,10833.0,0.021598670851024553
LP002543,Male,Yes,2.0,Graduate,No,8333,0.0,246.0,360.0,1.0,Semiurban,Y,2777.6666666666665,0.029517638588912886
LP002544,Male,Yes,1.0,Not Graduate,No,1958,2436.0,131.0,360.0,1.0,Rural,Y,2197.0,0.06687085247575293
LP002545,Male,No,2.0,Graduate,No,3547,0.0,80.0,360.0,0.0,Rural,N,1182.3333333333333,0.02254791431792559
LP002547,Male,Yes,1.0,Graduate,No,18333,0.0,500.0,360.0,1.0,Urban,N,9166.5,0.027271735573251882
LP002555,Male,Yes,2.0,Graduate,Yes,4583,2083.0,160.0,360.0,1.0,Semiurban,Y,2222.0,0.034904013961605584
LP002556,Male,No,0.0,Graduate,No,2435,0.0,75.0,360.0,1.0,Urban,N,2435.0,0.03078817733990148
LP002560,Male,No,0.0,Not Graduate,No,2699,2785.0,96.0,360.0,,Semiurban,Y,5484.0,0.035555555555555556
LP002562,Male,Yes,1.0,Not Graduate,No,5333,1131.0,186.0,360.0,,Urban,Y,3232.0,0.03487064116985377
LP002571,Male,No,0.0,Not Graduate,No,3691,0.0,110.0,360.0,1.0,Rural,Y,3691.0,0.029794149512459372
LP002582,Female,No,0.0,Not Graduate,Yes,17263,0.0,225.0,360.0,1.0,Semiurban,Y,17263.0,0.013032900834105653
LP002585,Male,Yes,0.0,Graduate,No,3597,2157.0,119.0,360.0,0.0,Rural,N,5754.0,0.033073929961089495
LP002586,Female,Yes,1.0,Graduate,No,3326,913.0,105.0,84.0,1.0,Semiurban,Y,2119.5,0.031559963931469794
LP002587,Male,Yes,0.0,Not Graduate,No,2600,1700.0,107.0,360.0,1.0,Rural,Y,4300.0,0.041138023836985775
LP002588,Male,Yes,0.0,Graduate,No,4625,2857.0,111.0,12.0,,Urban,Y,7482.0,0.023994811932555125
LP002600,Male,Yes,1.0,Graduate,Yes,2895,0.0,95.0,360.0,1.0,Semiurban,Y,1447.5,0.03280386740331492
LP002602,Male,No,0.0,Graduate,No,6283,4416.0,209.0,360.0,0.0,Rural,N,10699.0,0.033259070655633355
LP002603,Female,No,0.0,Graduate,No,645,3683.0,113.0,480.0,1.0,Rural,Y,4328.0,0.17492260061919504
LP002606,Female,No,0.0,Graduate,No,3159,0.0,100.0,360.0,1.0,Semiurban,Y,3159.0,0.03164556962025317
LP002615,Male,Yes,2.0,Graduate,No,4865,5624.0,208.0,360.0,1.0,Semiurban,Y,3496.3333333333335,0.0427455815865187
LP002618,Male,Yes,1.0,Not Graduate,No,4050,5302.0,138.0,360.0,,Rural,N,4676.0,0.03406566279930881
LP002619,Male,Yes,0.0,Not Graduate,No,3814,1483.0,124.0,300.0,1.0,Semiurban,Y,5297.0,0.032503276539973786
LP002622,Male,Yes,2.0,Graduate,No,3510,4416.0,243.0,360.0,1.0,Rural,Y,2642.0,0.06921105098262603
LP002624,Male,Yes,0.0,Graduate,No,20833,6667.0,480.0,360.0,,Urban,Y,27500.0,0.023039262743592206
LP002625,,No,0.0,Graduate,No,3583,0.0,96.0,360.0,1.0,Urban,N,3583.0,0.026785714285714284
LP002626,Male,Yes,0.0,Graduate,Yes,2479,3013.0,188.0,360.0,1.0,Urban,Y,5492.0,0.07580645161290323
LP002634,Female,No,1.0,Graduate,No,13262,0.0,40.0,360.0,1.0,Urban,Y,6631.0,0.0030159089195506295
LP002637,Male,No,0.0,Not Graduate,No,3598,1287.0,100.0,360.0,1.0,Rural,N,4885.0,0.027785495971103084
LP002640,Male,Yes,1.0,Graduate,No,6065,2004.0,250.0,360.0,1.0,Semiurban,Y,4034.5,0.041213320145070884
LP002643,Male,Yes,2.0,Graduate,No,3283,2035.0,148.0,360.0,1.0,Urban,Y,1772.6666666666667,0.04506699147381242
LP002648,Male,Yes,0.0,Graduate,No,2130,6666.0,70.0,180.0,1.0,Semiurban,N,8796.0,0.0328484279680901
LP002652,Male,No,0.0,Graduate,No,5815,3666.0,311.0,360.0,1.0,Rural,N,9481.0,0.05347317744154058
LP002659,Male,Yes,,Graduate,No,3466,3428.0,150.0,360.0,1.0,Rural,Y,6894.0,0.04326507066628209
LP002670,Female,Yes,2.0,Graduate,No,2031,1632.0,113.0,480.0,1.0,Semiurban,Y,1221.0,0.05561023622047244
LP002682,Male,Yes,,Not Graduate,No,3074,1800.0,123.0,360.0,0.0,Semiurban,N,4874.0,0.04
LP002683,Male,No,0.0,Graduate,No,4683,1915.0,185.0,360.0,1.0,Semiurban,N,6598.0,0.03949615713065756
LP002684,Female,No,0.0,Not Graduate,No,3400,0.0,95.0,360.0,1.0,Rural,N,3400.0,0.027932960893854747
LP002689,Male,Yes,2.0,Not Graduate,No,2192,1742.0,45.0,360.0,1.0,Semiurban,Y,1311.3333333333333,0.02051983584131327
LP002690,Male,No,0.0,Graduate,No,2500,0.0,55.0,360.0,1.0,Semiurban,Y,2500.0,0.021991203518592562
LP002692,Male,Yes,,Graduate,Yes,5677,1424.0,100.0,360.0,1.0,Rural,Y,7101.0,0.017611835153222965
LP002693,Male,Yes,2.0,Graduate,Yes,7948,7166.0,480.0,360.0,1.0,Rural,Y,5038.0,0.0603849540822745
LP002697,Male,No,0.0,Graduate,No,4680,2087.0,,360.0,1.0,Semiurban,N,6767.0,0.0
LP002699,Male,Yes,2.0,Graduate,Yes,17500,0.0,400.0,360.0,1.0,Rural,Y,5833.333333333333,0.02285583680932518
LP002705,Male,Yes,0.0,Graduate,No,3775,0.0,110.0,360.0,1.0,Semiurban,Y,3775.0,0.02913135593220339
LP002706,Male,Yes,1.0,Not Graduate,No,5285,1430.0,161.0,360.0,0.0,Semiurban,Y,3357.5,0.030457813091184262
LP002714,Male,No,1.0,Not Graduate,No,2679,1302.0,94.0,360.0,1.0,Semiurban,Y,1990.5,0.03507462686567164
LP002716,Male,No,0.0,Not Graduate,No,6783,0.0,130.0,360.0,1.0,Semiurban,Y,6783.0,0.019162735849056603
LP002717,Male,Yes,0.0,Graduate,No,1025,5500.0,216.0,360.0,,Rural,Y,6525.0,0.21052631578947367
LP002720,Male,Yes,,Graduate,No,4281,0.0,100.0,360.0,1.0,Urban,Y,4281.0,0.023353573096683792
LP002723,Male,No,2.0,Graduate,No,3588,0.0,110.0,360.0,0.0,Rural,N,1196.0,0.030649205906937867
LP002729,Male,No,1.0,Graduate,No,11250,0.0,196.0,360.0,,Semiurban,N,5625.0,0.017420673717891744
LP002731,Female,No,0.0,Not Graduate,Yes,18165,0.0,125.0,360.0,1.0,Urban,Y,18165.0,0.00688098645821865
LP002732,Male,No,0.0,Not Graduate,,2550,2042.0,126.0,360.0,1.0,Rural,Y,4592.0,0.04939239513916111
LP002734,Male,Yes,0.0,Graduate,No,6133,3906.0,324.0,360.0,1.0,Urban,Y,10039.0,0.052820345614607106
LP002738,Male,No,2.0,Graduate,No,3617,0.0,107.0,360.0,1.0,Semiurban,Y,1205.6666666666667,0.02957435046987286
LP002739,Male,Yes,0.0,Not Graduate,No,2917,536.0,66.0,360.0,1.0,Rural,N,3453.0,0.022618231665524333
LP002740,Male,Yes,,Graduate,No,6417,0.0,157.0,180.0,1.0,Rural,Y,6417.0,0.024462449361171704
LP002741,Female,Yes,1.0,Graduate,No,4608,2845.0,140.0,180.0,1.0,Semiurban,Y,3726.5,0.030375352571056627
LP002743,Female,No,0.0,Graduate,No,2138,0.0,99.0,360.0,0.0,Semiurban,N,2138.0,0.04628330995792426
LP002753,Female,No,1.0,Graduate,,3652,0.0,95.0,360.0,1.0,Semiurban,Y,1826.0,0.026006022447303587
LP002755,Male,Yes,1.0,Not Graduate,No,2239,2524.0,128.0,360.0,1.0,Urban,Y,2381.5,0.05714285714285714
LP002757,Female,Yes,0.0,Not Graduate,No,3017,663.0,102.0,360.0,,Semiurban,Y,3680.0,0.033797216699801194
LP002767,Male,Yes,0.0,Graduate,No,2768,1950.0,155.0,360.0,1.0,Rural,Y,4718.0,0.05597688696280245
LP002768,Male,No,0.0,Not Graduate,No,3358,0.0,80.0,36.0,1.0,Semiurban,N,3358.0,0.023816612086930634
LP002772,Male,No,0.0,Graduate,No,2526,1783.0,145.0,360.0,1.0,Rural,Y,4309.0,0.05738029283735655
LP002776,Female,No,0.0,Graduate,No,5000,0.0,103.0,360.0,0.0,Semiurban,N,5000.0,0.020595880823835233
LP002777,Male,Yes,0.0,Graduate,No,2785,2016.0,110.0,360.0,1.0,Rural,Y,4801.0,0.03948312993539124
LP002778,Male,Yes,2.0,Graduate,Yes,6633,0.0,,360.0,0.0,Rural,N,2211.0,0.0
LP002784,Male,Yes,1.0,Not Graduate,No,2492,2375.0,,360.0,1.0,Rural,Y,2433.5,0.0
LP002785,Male,Yes,1.0,Graduate,No,3333,3250.0,158.0,360.0,1.0,Urban,Y,3291.5,0.047390521895620874
LP002788,Male,Yes,0.0,Not Graduate,No,2454,2333.0,181.0,360.0,0.0,Urban,N,4787.0,0.07372708757637475
LP002789,Male,Yes,0.0,Graduate,No,3593,4266.0,132.0,180.0,0.0,Rural,N,7859.0,0.03672787979966611
LP002792,Male,Yes,1.0,Graduate,No,5468,1032.0,26.0,360.0,1.0,Semiurban,Y,3250.0,0.004754068385445237
LP002794,Female,No,0.0,Graduate,No,2667,1625.0,84.0,360.0,,Urban,Y,4292.0,0.031484257871064465
LP002795,Male,Yes,,Graduate,Yes,10139,0.0,260.0,360.0,1.0,Semiurban,Y,10139.0,0.02564102564102564
LP002798,Male,Yes,0.0,Graduate,No,3887,2669.0,162.0,360.0,1.0,Semiurban,Y,6556.0,0.041666666666666664
LP002804,Female,Yes,0.0,Graduate,No,4180,2306.0,182.0,360.0,1.0,Semiurban,Y,6486.0,0.04353025591963645
LP002807,Male,Yes,2.0,Not Graduate,No,3675,242.0,108.0,360.0,1.0,Semiurban,Y,1305.6666666666667,0.029379760609358
LP002813,Female,Yes,1.0,Graduate,Yes,19484,0.0,600.0,360.0,1.0,Semiurban,Y,9742.0,0.030792917628945343
LP002820,Male,Yes,0.0,Graduate,No,5923,2054.0,211.0,360.0,1.0,Rural,Y,7977.0,0.03561782579338285
LP002821,Male,No,0.0,Not Graduate,Yes,5800,0.0,132.0,360.0,1.0,Semiurban,Y,5800.0,0.022754697465954144
LP002832,Male,Yes,2.0,Graduate,No,8799,0.0,258.0,360.0,0.0,Urban,N,2933.0,0.02931818181818182
LP002833,Male,Yes,0.0,Not Graduate,No,4467,0.0,120.0,360.0,,Rural,Y,4467.0,0.02685765443151298
LP002836,Male,No,0.0,Graduate,No,3333,0.0,70.0,360.0,1.0,Urban,Y,3333.0,0.020995800839832032
LP002837,Male,Yes,,Graduate,No,3400,2500.0,123.0,360.0,0.0,Rural,N,5900.0,0.036165833578359306
LP002840,Female,No,0.0,Graduate,No,2378,0.0,9.0,360.0,1.0,Urban,N,2378.0,0.0037831021437578815
LP002841,Male,Yes,0.0,Graduate,No,3166,2064.0,104.0,360.0,0.0,Urban,N,5230.0,0.03283864856330913
LP002842,Male,Yes,1.0,Graduate,No,3417,1750.0,186.0,360.0,1.0,Urban,Y,2583.5,0.05441778818022235
LP002847,Male,Yes,,Graduate,No,5116,1451.0,165.0,360.0,0.0,Urban,N,6567.0,0.03224545632206371
LP002855,Male,Yes,2.0,Graduate,No,16666,0.0,275.0,360.0,1.0,Urban,Y,5555.333333333333,0.016499670006599867
LP002862,Male,Yes,2.0,Not Graduate,No,6125,1625.0,187.0,480.0,1.0,Semiurban,N,2583.3333333333335,0.03052562846882142
LP002863,Male,Yes,,Graduate,No,6406,0.0,150.0,360.0,1.0,Semiurban,N,6406.0,0.023411893241766818
LP002868,Male,Yes,2.0,Graduate,No,3159,461.0,108.0,84.0,1.0,Urban,Y,1206.6666666666667,0.03417721518987342
LP002872,,Yes,0.0,Graduate,No,3087,2210.0,136.0,360.0,0.0,Semiurban,N,5297.0,0.04404145077720207
LP002874,Male,No,0.0,Graduate,No,3229,2739.0,110.0,360.0,1.0,Urban,Y,5968.0,0.034055727554179564
LP002877,Male,Yes,1.0,Graduate,No,1782,2232.0,107.0,360.0,1.0,Rural,Y,2007.0,0.06001121704991587
LP002888,Male,No,0.0,Graduate,,3182,2917.0,161.0,360.0,1.0,Urban,Y,6099.0,0.050581212692428525
LP002892,Male,Yes,2.0,Graduate,No,6540,0.0,205.0,360.0,1.0,Semiurban,Y,2180.0,0.0313407735820211
LP002893,Male,No,0.0,Graduate,No,1836,33837.0,90.0,360.0,1.0,Urban,N,35673.0,0.04899292324442025
LP002894,Female,Yes,0.0,Graduate,No,3166,0.0,36.0,360.0,1.0,Semiurban,Y,3166.0,0.011367224502683928
LP002898,Male,Yes,1.0,Graduate,No,1880,0.0,61.0,360.0,,Rural,N,940.0,0.03242955874534822
LP002911,Male,Yes,1.0,Graduate,No,2787,1917.0,146.0,360.0,0.0,Rural,N,2352.0,0.05236728837876614
LP002912,Male,Yes,1.0,Graduate,No,4283,3000.0,172.0,84.0,1.0,Rural,N,3641.5,0.040149393090569564
LP002916,Male,Yes,0.0,Graduate,No,2297,1522.0,104.0,360.0,1.0,Urban,Y,3819.0,0.04525674499564839
LP002917,Female,No,0.0,Not Graduate,No,2165,0.0,70.0,360.0,1.0,Semiurban,Y,2165.0,0.032317636195752536
LP002925,,No,0.0,Graduate,No,4750,0.0,94.0,360.0,1.0,Semiurban,Y,4750.0,0.01978530835613555
LP002926,Male,Yes,2.0,Graduate,Yes,2726,0.0,106.0,360.0,0.0,Semiurban,N,908.6666666666666,0.03887055372203887
LP002928,Male,Yes,0.0,Graduate,No,3000,3416.0,56.0,180.0,1.0,Semiurban,Y,6416.0,0.01866044651782739
LP002931,Male,Yes,2.0,Graduate,Yes,6000,0.0,205.0,240.0,1.0,Semiurban,N,2000.0,0.03416097317113814
LP002933,,No,,Graduate,Yes,9357,0.0,292.0,360.0,1.0,Semiurban,Y,9357.0,0.031203248557384055
LP002936,Male,Yes,0.0,Graduate,No,3859,3300.0,142.0,180.0,1.0,Rural,Y,7159.0,0.03678756476683938
LP002938,Male,Yes,0.0,Graduate,Yes,16120,0.0,260.0,360.0,1.0,Urban,Y,16120.0,0.016128031759816388
LP002940,Male,No,0.0,Not Graduate,No,3833,0.0,110.0,360.0,1.0,Rural,Y,3833.0,0.028690662493479395
LP002941,Male,Yes,2.0,Not Graduate,Yes,6383,1000.0,187.0,360.0,1.0,Rural,N,2461.0,0.029291979949874685
LP002943,Male,No,,Graduate,No,2987,0.0,88.0,360.0,0.0,Semiurban,N,2987.0,0.029451137884872823
LP002945,Male,Yes,0.0,Graduate,Yes,9963,0.0,180.0,360.0,1.0,Rural,Y,9963.0,0.018065034122842234
LP002948,Male,Yes,2.0,Graduate,No,5780,0.0,192.0,360.0,1.0,Urban,Y,1926.6666666666667,0.03321224701608718
LP002949,Female,No,,Graduate,,416,41667.0,350.0,180.0,,Urban,N,42083.0,0.8393285371702638
LP002950,Male,Yes,0.0,Not Graduate,,2894,2792.0,155.0,360.0,1.0,Rural,Y,5686.0,0.0535405872193437
LP002953,Male,Yes,,Graduate,No,5703,0.0,128.0,360.0,1.0,Urban,Y,5703.0,0.02244039270687237
LP002958,Male,No,0.0,Graduate,No,3676,4301.0,172.0,360.0,1.0,Rural,Y,7977.0,0.04677726407397335
LP002959,Female,Yes,1.0,Graduate,No,12000,0.0,496.0,360.0,1.0,Semiurban,Y,6000.0,0.04132988917590201
LP002960,Male,Yes,0.0,Not Graduate,No,2400,3800.0,,180.0,1.0,Urban,N,6200.0,0.0
LP002961,Male,Yes,1.0,Graduate,No,3400,2500.0,173.0,360.0,1.0,Semiurban,Y,2950.0,0.05086739194354602
LP002964,Male,Yes,2.0,Not Graduate,No,3987,1411.0,157.0,360.0,1.0,Rural,Y,1799.3333333333333,0.039368104312938815
LP002974,Male,Yes,0.0,Graduate,No,3232,1950.0,108.0,360.0,1.0,Rural,Y,5182.0,0.03340550572223941
LP002978,Female,No,0.0,Graduate,No,2900,0.0,71.0,360.0,1.0,Rural,Y,2900.0,0.024474319200275766
LP002979,Male,Yes,,Graduate,No,4106,0.0,40.0,180.0,1.0,Rural,Y,4106.0,0.009739469198928659
LP002983,Male,Yes,1.0,Graduate,No,8072,240.0,253.0,360.0,1.0,Urban,Y,4156.0,0.03133903133903134
LP002984,Male,Yes,2.0,Graduate,No,7583,0.0,187.0,360.0,1.0,Urban,Y,2527.6666666666665,0.02465717299578059
LP002990,Female,No,0.0,Graduate,Yes,4583,0.0,133.0,360.0,0.0,Semiurban,N,4583.0,0.029013961605584643
